location,bedrooms,bathrooms,accommodates,has_wifi,has_pool,has_ac,has_kitchen,has_parking,price
Kingston,1,2,1,1,1,0,1,0,134.28
Portland,3,3,6,0,0,1,1,0,262.38
Montego Bay,3,2,3,1,0,0,0,0,183.79
Negril,2,1,2,0,0,1,0,0,169.98
Ocho Rios,4,2,8,1,0,0,1,0,209.49
Ocho Rios,2,3,2,0,1,0,1,1,186.05
Ocho Rios,2,1,2,0,0,1,1,1,151.73
Montego Bay,3,3,6,1,1,1,0,1,285.03
Ocho Rios,2,2,2,0,1,0,1,0,203.74
Kingston,2,2,2,1,1,1,0,0,157.32
Portland,3,2,3,0,1,0,0,0,190.59
Ocho Rios,3,1,6,1,0,0,0,0,187.4
Ocho Rios,3,1,6,0,1,1,0,1,233.33
Montego Bay,2,3,4,1,1,0,1,0,235.85
Negril,2,3,2,1,1,0,1,0,231.22
Ocho Rios,4,1,4,1,0,1,1,1,234.67
Ocho Rios,1,3,1,1,0,1,0,1,180.77
Negril,4,1,4,1,1,1,0,1,235.58
Kingston,1,3,2,1,1,1,1,0,163.25
Montego Bay,2,3,4,1,0,1,0,0,257.1
Kingston,2,1,4,1,0,0,0,0,141.42
Negril,4,2,8,0,0,1,0,0,241.4
Kingston,3,2,6,1,0,1,1,0,189.17
Kingston,1,2,2,1,0,0,1,1,101.95
Portland,1,3,1,0,1,0,1,1,227.31
Montego Bay,3,2,3,0,1,0,1,1,266.43
Portland,2,2,4,1,1,1,0,0,214.74
Kingston,2,1,2,0,1,0,1,1,137.89
Negril,1,3,1,1,0,1,1,0,206.33
Montego Bay,1,1,2,1,0,1,0,0,193.55
Negril,4,3,4,1,0,0,0,1,217.0
Ocho Rios,1,1,2,0,0,0,0,0,220.46
Ocho Rios,4,2,4,0,0,0,1,0,240.64
Portland,1,1,1,1,0,0,0,0,141.11
Negril,4,2,8,1,0,1,0,0,266.12
Kingston,4,2,8,0,1,0,1,0,224.61
Ocho Rios,3,2,3,0,1,0,1,1,189.73
Kingston,3,2,3,0,0,0,0,1,208.12
Portland,4,2,4,0,0,1,0,1,219.66
Ocho Rios,3,2,3,0,1,0,1,0,199.41
Kingston,4,1,8,0,0,0,1,1,182.78
Kingston,3,1,6,0,1,0,0,1,180.7
Ocho Rios,1,1,2,1,1,1,0,0,190.06
Portland,4,3,4,0,1,1,0,1,265.31
Montego Bay,1,1,2,0,1,0,1,1,182.67
Negril,2,1,2,0,1,0,0,1,159.97
Kingston,1,3,1,1,1,1,1,1,177.34
Montego Bay,4,1,4,1,0,0,0,0,266.42
Negril,1,3,2,0,0,0,0,1,213.61
Ocho Rios,2,3,4,0,1,0,0,1,213.65
Ocho Rios,4,3,8,1,0,0,1,0,240.79
Negril,1,1,2,0,1,1,0,0,180.47
Montego Bay,2,3,2,0,0,0,1,1,163.03
Negril,3,2,6,1,0,1,0,1,235.43
Kingston,3,2,3,1,0,0,0,0,106.09
Kingston,3,1,3,0,0,1,1,1,145.43
Negril,1,3,2,0,0,0,0,1,145.29
Kingston,4,3,4,1,1,1,1,0,178.85
Ocho Rios,4,1,8,0,0,0,1,1,234.08
Portland,3,2,3,1,1,1,1,0,241.61
Kingston,1,1,1,1,1,0,1,1,125.24
Negril,4,1,4,0,0,0,0,1,201.15
Kingston,4,3,4,1,1,0,0,0,188.17
Portland,3,3,6,1,1,0,0,1,245.12
Negril,3,3,6,1,1,1,0,0,229.45
Portland,1,2,1,0,0,0,1,0,153.7
Negril,2,1,2,1,1,0,1,0,211.45
Montego Bay,3,3,6,0,0,1,1,1,255.44
Negril,4,2,8,0,1,0,1,1,255.15
Montego Bay,2,2,4,0,1,1,1,1,296.4
Ocho Rios,3,1,6,1,0,0,1,0,192.27
Negril,1,2,1,0,1,0,0,1,186.79
Portland,3,2,6,1,1,0,1,0,251.97
Portland,3,2,3,1,1,1,0,0,218.15
Montego Bay,3,1,6,1,1,1,0,0,187.6
Montego Bay,2,2,2,1,0,0,1,0,184.0
Portland,1,2,1,1,1,0,1,1,191.39
Negril,1,3,1,1,1,1,0,0,198.25
Ocho Rios,1,1,2,1,1,0,1,1,228.95
Portland,4,1,8,1,0,1,0,1,263.02
Kingston,2,1,2,1,1,1,0,1,152.46
Portland,2,2,4,1,1,0,0,1,205.49
Ocho Rios,4,3,4,0,0,1,1,0,233.4
Ocho Rios,4,1,4,1,0,1,1,0,203.72
Negril,4,2,8,1,1,0,1,1,239.09
Ocho Rios,1,2,1,0,1,1,1,0,196.94
Ocho Rios,2,2,2,1,1,1,1,0,198.66
Ocho Rios,1,3,1,0,0,1,0,1,177.88
Kingston,1,3,1,1,0,1,1,1,151.92
Ocho Rios,4,2,4,0,0,0,0,1,229.05
Portland,4,2,8,1,1,0,0,0,275.72
Ocho Rios,3,2,6,1,0,1,0,0,225.95
Kingston,1,3,2,0,0,1,1,0,159.46
Ocho Rios,3,3,6,1,1,1,0,1,234.66
Portland,1,1,1,0,1,1,0,0,169.75
Ocho Rios,3,1,3,1,0,1,0,0,162.7
Negril,2,1,4,1,0,1,1,1,208.71
Montego Bay,2,1,2,1,0,1,1,0,250.41
Negril,2,2,2,1,1,1,0,1,184.07
Montego Bay,2,1,2,0,0,1,1,1,161.54
Montego Bay,4,2,4,1,1,1,1,1,270.71
Negril,1,1,2,1,1,0,0,1,180.71
Portland,4,3,4,1,1,0,1,0,241.49
Ocho Rios,2,3,2,0,0,0,1,1,196.83
Kingston,4,1,4,0,0,0,1,0,124.63
Ocho Rios,1,2,2,1,0,0,0,1,159.56
Portland,4,3,8,0,0,1,1,1,282.09
Ocho Rios,3,1,6,0,0,0,1,1,172.86
Montego Bay,4,3,4,1,1,0,0,1,251.85
Kingston,3,1,6,1,0,0,0,0,157.26
Kingston,2,1,2,0,0,0,0,0,146.33
Kingston,3,3,3,1,0,1,1,1,185.93
Kingston,3,2,3,1,1,1,1,1,191.53
Montego Bay,4,2,4,0,1,0,1,0,226.48
Negril,3,3,6,0,1,1,1,1,283.07
Portland,4,1,8,0,1,0,1,1,249.15
Portland,1,1,1,0,1,1,0,1,167.57
Portland,4,2,8,1,1,0,0,0,246.93
Portland,1,1,2,0,0,0,0,0,169.29
Ocho Rios,1,2,2,1,1,0,1,1,204.89
Kingston,2,1,2,0,0,0,0,0,130.41
Ocho Rios,1,1,1,0,1,1,0,0,157.28
Portland,1,3,2,0,0,0,0,1,153.14
Portland,2,3,2,1,1,1,1,1,206.98
Montego Bay,2,1,2,0,1,1,1,1,209.37
Montego Bay,2,1,4,0,1,1,0,0,222.4
Portland,4,3,4,1,0,1,1,1,237.59
Kingston,1,3,1,0,1,0,0,1,185.42
Portland,3,1,6,0,0,0,1,0,175.05
Montego Bay,2,1,4,1,0,1,1,0,210.14
Ocho Rios,1,3,2,0,1,1,1,1,196.08
Kingston,1,2,1,1,0,0,0,1,157.17
Kingston,2,3,2,0,0,0,1,0,117.14
Ocho Rios,4,2,4,1,0,1,1,0,237.01
Negril,2,3,2,0,0,1,1,0,201.9
Negril,1,3,2,1,1,0,0,1,214.03
Montego Bay,4,1,8,0,0,1,1,1,249.15
Negril,2,1,4,0,1,1,0,0,244.19
Montego Bay,2,1,2,0,0,1,1,0,197.44
Ocho Rios,4,1,4,0,1,0,1,0,219.75
Ocho Rios,2,1,4,0,0,0,1,0,167.91
Kingston,2,1,2,0,0,0,0,1,165.78
Negril,4,2,4,1,1,1,1,1,241.52
Montego Bay,4,1,4,1,0,0,1,0,216.89
Negril,3,2,3,0,1,0,0,1,226.84
Negril,2,2,2,1,1,0,1,0,167.1
Portland,2,2,4,0,1,1,1,0,215.75
Ocho Rios,4,2,8,1,1,0,0,0,248.84
Kingston,3,3,3,0,1,1,1,1,225.67
Kingston,1,3,2,1,0,0,1,0,132.86
Montego Bay,4,2,4,1,1,1,1,0,258.26
Portland,2,2,4,1,0,1,0,0,220.54
Portland,4,2,8,1,0,1,1,0,227.36
Montego Bay,1,1,2,0,0,0,0,0,142.77
Negril,3,2,3,1,1,1,0,1,230.85
Negril,2,1,4,1,1,0,0,1,228.96
Portland,2,2,2,0,1,1,1,1,196.94
Portland,3,2,3,0,0,0,1,0,204.68
Portland,2,3,4,1,1,1,1,1,224.5
Portland,2,1,4,0,1,0,1,1,206.95
Ocho Rios,2,2,2,1,0,0,0,1,176.71
Negril,4,1,8,1,0,0,1,0,208.19
Kingston,4,1,4,1,1,1,0,1,188.98
Ocho Rios,3,3,3,0,0,0,1,1,208.23
Portland,1,2,2,0,1,0,0,1,174.03
Kingston,1,3,1,0,1,1,1,0,124.18
Montego Bay,3,1,6,1,0,1,0,0,181.97
Kingston,4,2,4,1,0,0,1,0,189.25
Portland,2,1,2,0,0,1,1,1,179.88
Negril,1,2,1,1,1,0,0,1,161.94
Portland,2,3,2,1,0,1,1,0,168.35
Kingston,2,2,2,0,0,1,0,0,166.66
Ocho Rios,4,1,4,0,1,0,0,0,188.17
Portland,4,2,8,0,0,0,1,0,230.2
Negril,2,2,2,1,0,0,0,1,174.27
Portland,1,2,2,1,0,0,1,1,196.8
Negril,2,1,4,0,0,1,1,0,165.26
Ocho Rios,1,3,2,0,0,0,1,1,182.11
Montego Bay,1,3,1,1,0,1,0,0,188.04
Montego Bay,4,3,8,0,0,1,0,1,274.54
Montego Bay,2,3,4,1,0,1,0,0,192.59
Kingston,3,2,3,0,1,1,1,1,196.73
Portland,4,2,8,0,1,1,1,0,275.92
Montego Bay,1,1,2,0,1,0,0,1,175.3
Kingston,2,2,2,0,0,1,0,1,144.83
Negril,4,3,8,1,1,0,0,1,281.17
Ocho Rios,3,2,3,1,0,0,1,1,191.13
Ocho Rios,3,2,6,1,0,1,1,1,198.97
Montego Bay,2,1,4,1,0,1,0,1,235.39
Portland,4,1,4,1,0,0,1,0,195.8
Ocho Rios,2,2,4,1,0,0,1,1,205.53
Montego Bay,3,1,6,1,0,0,1,1,189.1
Montego Bay,1,1,1,1,0,1,0,0,220.15
Kingston,1,2,1,0,0,0,1,0,126.43
Negril,3,2,3,0,0,1,0,1,248.24
Ocho Rios,3,2,6,1,1,0,1,0,247.83
Portland,3,1,6,1,0,1,1,1,192.13
Portland,1,2,1,0,0,1,0,1,197.56
Kingston,1,1,2,1,1,1,1,1,124.0
Portland,3,3,3,1,1,0,0,1,196.87
Negril,4,3,4,1,1,1,1,1,216.53
Montego Bay,1,2,2,0,0,1,1,1,249.72
Portland,4,1,4,1,0,0,0,1,238.84
Montego Bay,1,2,1,1,1,1,1,1,218.43
Kingston,2,2,4,0,0,1,1,0,144.64
Ocho Rios,2,1,4,1,1,1,0,0,207.92
Negril,4,3,8,0,1,1,0,0,247.92
Montego Bay,4,1,4,1,0,0,0,0,213.94
Portland,4,2,4,0,0,1,1,1,219.01
Montego Bay,2,3,4,1,0,0,0,1,226.85
Negril,4,1,4,1,0,1,1,0,209.81
Negril,1,3,1,0,0,0,1,0,203.29
Montego Bay,2,2,2,0,0,1,0,1,205.24
Portland,1,2,2,1,1,0,0,1,213.81
Negril,3,1,6,0,1,1,0,1,226.39
Kingston,1,3,2,1,0,1,0,1,142.08
Ocho Rios,4,2,8,1,1,0,0,0,240.34
Montego Bay,4,2,4,1,0,0,1,1,247.02
Kingston,1,1,2,1,0,1,1,1,99.04
Ocho Rios,2,1,2,0,1,0,0,1,212.59
Kingston,4,3,8,1,0,1,0,0,201.81
Ocho Rios,4,2,4,0,1,0,1,0,215.9
Ocho Rios,3,3,6,0,1,0,0,0,236.0
Ocho Rios,1,1,1,0,1,0,1,0,186.7
Ocho Rios,2,1,2,1,0,0,0,1,170.61
Montego Bay,2,1,2,1,1,1,1,1,227.57
Kingston,1,2,1,0,1,1,1,0,142.03
Portland,4,3,4,0,1,1,1,0,284.2
Negril,4,2,8,0,1,0,1,0,240.29
Kingston,3,1,6,1,0,1,1,1,190.05
Negril,2,3,4,1,0,0,1,1,204.99
Kingston,1,2,2,1,0,0,1,0,141.23
Kingston,4,2,4,1,1,0,1,1,180.63
Negril,3,1,3,1,0,0,0,0,223.19
Montego Bay,3,2,6,1,1,1,0,1,227.7
Kingston,1,3,1,1,1,1,1,1,141.52
Montego Bay,4,2,8,1,0,1,0,0,248.03
Portland,4,2,4,1,0,0,1,1,225.67
Montego Bay,1,3,1,1,1,1,1,1,198.22
Portland,1,3,1,0,0,0,1,0,196.85
Montego Bay,2,2,4,0,0,0,1,0,192.9
Portland,4,1,8,1,1,1,1,0,253.54
Negril,3,1,6,0,0,1,1,1,235.15
Portland,1,3,2,0,1,1,0,0,190.42
Kingston,4,2,8,0,1,1,1,1,211.86
Kingston,2,2,2,0,0,1,1,0,144.96
Portland,3,3,6,1,0,0,0,1,250.65
Negril,4,3,8,0,0,0,0,1,261.84
Kingston,1,2,2,0,1,1,1,0,161.67
Negril,4,1,8,0,0,1,0,0,231.53
Portland,4,2,4,0,1,0,0,0,231.28
Montego Bay,4,1,4,0,0,1,0,0,233.39
Montego Bay,2,3,2,1,0,0,0,0,200.02
Negril,2,2,4,0,1,1,0,0,196.64
Negril,2,3,4,0,1,0,0,1,232.3
Negril,3,2,6,0,0,1,0,0,230.76
Kingston,2,3,2,1,1,0,0,1,145.29
Kingston,3,1,6,0,0,1,1,1,199.72
Ocho Rios,2,1,2,1,1,0,1,0,192.51
Kingston,1,2,1,0,0,0,0,1,119.94
Kingston,2,1,4,0,1,1,1,1,192.01
Ocho Rios,1,3,1,0,1,0,1,0,236.77
Kingston,4,2,8,0,0,1,1,1,243.21
Montego Bay,4,1,4,1,0,0,0,0,243.78
Montego Bay,1,1,2,0,0,1,1,1,217.6
Montego Bay,3,2,6,1,0,0,0,0,306.63
Montego Bay,2,1,4,1,0,0,1,1,225.4
Montego Bay,3,3,6,1,1,1,1,0,299.99
Portland,3,2,6,1,1,1,0,0,249.14
Negril,2,1,2,1,1,1,0,1,202.61
Kingston,3,2,3,0,0,0,0,0,160.04
Montego Bay,1,1,1,0,1,0,1,0,155.8
Montego Bay,2,3,4,1,0,1,0,0,180.48
Kingston,2,3,4,1,0,0,1,0,152.66
Ocho Rios,1,1,1,1,0,0,0,0,147.1
Portland,4,3,8,0,0,0,0,1,240.39
Portland,1,1,2,1,0,1,1,1,154.36
Portland,1,1,1,1,0,1,1,0,184.71
Portland,4,1,4,1,0,1,0,0,210.9
Montego Bay,2,2,4,1,1,0,0,1,207.56
Negril,2,1,2,0,1,1,1,0,220.8
Negril,3,1,3,1,1,0,0,0,203.79
Montego Bay,2,2,4,0,1,0,0,0,232.45
Portland,3,1,6,0,1,0,1,1,235.73
Portland,4,2,4,0,1,1,0,0,284.56
Portland,2,1,2,1,0,0,0,0,158.29
Kingston,3,1,6,1,0,1,0,1,158.23
Ocho Rios,1,1,2,1,1,1,1,1,193.8
Montego Bay,4,3,4,1,1,0,0,0,246.65
Kingston,4,3,8,1,1,0,0,1,207.09
Kingston,1,1,1,0,1,0,0,1,159.21
Portland,3,3,3,0,1,0,0,0,241.91
Kingston,2,1,4,1,1,1,1,1,154.24
Ocho Rios,1,1,2,0,1,1,1,0,196.55
Montego Bay,3,3,3,1,1,0,1,1,239.54
Portland,3,2,6,0,0,0,0,1,225.73
Negril,2,1,4,0,0,1,1,0,137.41
Ocho Rios,2,1,2,0,0,0,0,1,147.48
Negril,4,1,4,1,1,1,1,0,242.58
Portland,2,1,4,0,0,0,0,0,154.39
Ocho Rios,2,2,4,0,0,1,0,0,169.46
Portland,4,3,4,1,0,0,1,0,201.7
Kingston,4,1,4,0,0,1,0,1,178.84
Kingston,1,2,1,0,0,0,1,1,148.99
Montego Bay,1,1,1,1,1,0,0,1,242.93
Ocho Rios,2,1,2,1,1,0,1,0,232.05
Ocho Rios,3,1,3,1,1,0,1,1,222.43
Negril,4,2,4,0,1,1,1,0,245.27
Kingston,1,2,2,0,0,0,0,1,185.32
Negril,3,1,6,0,1,1,0,0,226.26
Montego Bay,3,3,6,0,0,0,1,0,273.97
Ocho Rios,4,3,4,1,0,0,0,0,213.89
Ocho Rios,3,2,3,0,0,1,1,1,217.98
Kingston,4,2,4,1,1,1,0,1,217.59
Ocho Rios,3,2,3,1,0,0,0,1,224.83
Portland,3,2,3,0,0,1,0,0,211.26
Negril,1,3,1,0,1,1,0,1,238.72
Portland,4,3,8,0,1,0,0,1,268.17
Ocho Rios,2,2,4,1,1,0,1,0,191.19
Montego Bay,4,1,4,1,1,0,0,0,223.76
Ocho Rios,3,2,6,1,1,0,0,1,247.48
Portland,4,2,8,1,0,1,0,0,254.75
Montego Bay,4,2,4,0,1,0,1,1,275.88
Portland,1,3,1,0,0,0,0,1,170.12
Negril,1,1,1,0,0,0,0,0,87.51
Kingston,2,2,4,1,1,1,1,1,184.68
Kingston,4,2,8,0,1,0,1,1,187.89
Kingston,3,2,6,0,0,1,1,1,187.31
Kingston,4,2,4,0,0,1,0,0,190.14
Ocho Rios,2,2,2,0,1,1,1,0,234.26
Negril,2,1,4,0,1,0,1,0,203.76
Negril,1,3,2,1,1,1,1,0,217.74
Montego Bay,3,1,3,0,1,1,1,1,215.52
Ocho Rios,3,2,3,0,1,0,0,1,224.54
Kingston,3,2,3,0,0,0,0,0,139.4
Negril,3,1,6,0,0,1,0,0,197.24
Kingston,4,3,4,1,0,1,0,0,135.5
Montego Bay,4,1,4,0,1,1,1,1,252.09
Ocho Rios,3,1,6,0,0,0,1,0,216.17
Kingston,4,1,4,1,0,1,1,1,184.01
Kingston,1,1,1,0,0,1,0,1,130.77
Kingston,2,2,2,1,0,1,0,0,139.2
Portland,1,1,1,1,1,1,0,1,188.97
Montego Bay,1,1,2,1,1,1,0,1,188.95
Montego Bay,2,2,2,0,0,0,1,0,193.35
Kingston,1,3,1,1,1,1,1,1,172.87
Negril,1,3,2,1,0,0,1,1,188.06
Portland,2,3,4,1,0,0,0,0,197.84
Portland,2,3,4,0,1,1,1,1,248.77
Ocho Rios,3,3,3,0,1,0,1,0,190.21
Negril,3,1,6,1,0,1,0,1,230.45
Negril,1,2,2,1,0,0,1,0,195.16
Montego Bay,4,2,8,1,1,0,0,0,324.79
Portland,3,3,6,1,1,0,0,0,237.66
Kingston,2,3,4,0,1,0,1,0,151.77
Negril,1,3,1,1,0,0,0,0,185.16
Kingston,3,2,6,1,1,0,0,0,174.6
Negril,1,2,1,1,1,0,0,1,194.79
Ocho Rios,2,1,4,1,0,1,0,1,248.59
Ocho Rios,1,2,2,1,1,1,1,1,206.17
Kingston,2,2,2,0,1,0,1,1,132.52
Negril,3,1,3,1,0,0,1,0,191.33
Portland,3,2,3,1,1,0,1,1,226.93
Ocho Rios,2,1,4,0,0,0,1,0,185.18
Negril,3,3,6,1,1,1,1,1,272.38
Kingston,1,2,1,0,0,0,1,1,146.19
Portland,2,3,4,0,1,1,1,1,207.85
Kingston,3,3,3,0,1,1,1,1,179.0
Ocho Rios,1,2,2,0,0,1,1,0,208.36
Portland,3,3,3,1,1,1,1,1,191.67
Portland,3,3,6,0,0,0,0,0,283.92
Portland,3,1,3,1,1,0,1,0,173.73
Ocho Rios,3,1,3,0,1,1,0,1,171.99
Negril,1,2,1,1,1,0,1,1,236.25
Ocho Rios,3,2,3,0,0,0,0,1,173.86
Negril,4,1,8,0,1,0,0,0,260.71
Portland,4,2,4,0,0,1,0,0,244.41
Kingston,3,2,6,0,1,1,0,0,180.31
Portland,4,1,8,0,1,0,1,1,215.38
Montego Bay,2,3,2,0,0,0,0,1,250.55
Ocho Rios,3,3,3,1,1,0,1,1,205.2
Ocho Rios,1,1,1,0,1,1,0,0,193.57
Negril,1,3,2,0,1,0,0,0,216.26
Portland,1,1,2,1,0,0,1,0,111.83
Ocho Rios,1,3,2,0,1,0,1,1,231.67
Negril,4,3,4,0,0,0,1,1,211.32
Kingston,2,2,2,0,1,0,0,1,148.83
Negril,3,2,6,0,1,1,1,0,225.4
Portland,2,1,4,0,1,0,0,0,195.67
Kingston,1,3,2,1,1,0,0,1,119.02
Negril,4,3,4,0,0,0,1,0,278.89
Ocho Rios,4,1,4,0,1,1,1,0,310.75
Ocho Rios,4,3,4,1,0,0,0,1,240.65
Montego Bay,1,2,1,0,0,0,0,1,198.65
Montego Bay,2,1,2,0,0,0,1,1,217.01
Ocho Rios,1,1,1,1,0,1,1,1,180.2
Ocho Rios,4,2,4,0,0,1,0,1,238.15
Montego Bay,2,1,2,1,1,0,0,0,240.44
Negril,2,1,2,0,1,0,0,0,188.48
Ocho Rios,4,1,8,1,1,0,0,1,194.29
Ocho Rios,4,3,4,1,0,1,0,1,196.77
Portland,2,3,2,0,1,0,1,1,229.3
Montego Bay,3,3,6,1,0,0,0,1,219.12
Kingston,1,1,2,1,0,0,0,0,108.07
Kingston,4,1,8,0,0,0,1,1,159.37
Montego Bay,1,2,2,1,0,0,1,0,208.92
Portland,3,2,6,0,0,1,0,0,230.02
Montego Bay,3,2,3,0,1,1,0,1,266.65
Negril,4,1,8,1,0,1,0,0,237.32
Negril,2,1,4,1,1,0,1,1,206.32
Portland,1,1,2,1,1,0,0,0,157.06
Ocho Rios,3,2,6,0,0,1,1,1,231.92
Kingston,4,2,8,1,1,0,0,0,198.67
Ocho Rios,4,3,8,0,0,1,1,0,235.92
Ocho Rios,2,2,2,1,0,0,1,0,206.47
Negril,1,3,2,0,1,1,0,1,252.45
Portland,1,3,2,0,1,0,0,0,200.03
Montego Bay,3,2,6,1,1,0,0,1,256.22
Ocho Rios,1,1,1,1,0,0,0,1,181.95
Ocho Rios,4,2,8,1,0,1,1,0,282.48
Ocho Rios,2,2,2,1,0,0,0,0,140.86
Ocho Rios,1,3,1,0,1,0,1,1,188.02
Montego Bay,1,3,1,0,1,1,1,0,229.78
Kingston,3,3,3,0,1,0,0,1,190.36
Portland,2,3,2,1,0,1,1,0,187.4
Negril,4,3,8,1,1,0,0,1,269.99
Montego Bay,3,3,3,1,1,0,1,1,270.07
Montego Bay,2,3,4,1,0,0,0,1,245.62
Portland,3,1,3,0,1,1,0,1,204.59
Ocho Rios,2,3,2,1,1,1,1,1,258.07
Kingston,2,3,2,0,1,1,1,0,164.42
Montego Bay,1,1,2,1,1,0,0,0,139.79
Portland,2,3,2,0,0,1,1,1,218.75
Kingston,1,1,1,0,1,1,0,1,139.83
Montego Bay,3,3,3,0,1,0,0,1,208.77
Negril,4,3,8,1,0,0,0,0,216.07
Kingston,3,2,6,1,0,0,0,1,148.09
Ocho Rios,2,2,2,1,0,0,0,0,146.92
Kingston,1,2,1,0,0,0,1,0,134.35
Kingston,1,3,2,0,1,0,0,1,170.94
Ocho Rios,1,1,1,0,0,0,1,1,162.44
Montego Bay,1,1,1,1,0,1,0,1,115.72
Ocho Rios,4,2,8,1,1,0,1,0,290.31
Kingston,3,2,6,1,0,1,0,1,169.39
Ocho Rios,2,1,4,1,0,1,0,0,172.62
Ocho Rios,2,3,4,1,1,1,0,0,201.52
Kingston,1,3,1,1,0,0,0,1,163.79
Negril,1,2,2,0,0,1,0,1,178.06
Ocho Rios,1,3,1,1,0,0,1,0,156.62
Negril,2,1,2,0,0,1,0,0,177.8
Ocho Rios,3,2,3,0,0,0,0,1,266.52
Ocho Rios,1,3,2,1,1,1,0,1,181.2
Kingston,4,1,8,1,0,0,0,1,181.94
Negril,3,2,3,0,1,0,0,0,246.59
Portland,2,1,2,0,0,0,0,1,197.75
Montego Bay,3,2,6,1,1,1,1,0,242.28
Ocho Rios,1,3,2,1,0,0,0,1,214.0
Kingston,3,1,3,1,0,0,0,0,133.16
Kingston,2,2,4,1,0,0,1,1,191.23
Portland,2,3,2,1,0,1,0,1,193.34
Montego Bay,2,1,2,1,0,1,1,0,153.19
Portland,2,1,4,0,1,0,1,1,239.39
Montego Bay,4,1,4,0,0,1,1,0,280.34
Ocho Rios,3,2,3,1,0,1,0,0,178.47
Portland,3,1,6,1,1,1,0,0,202.35
Ocho Rios,2,1,2,0,1,1,1,1,217.95
Ocho Rios,3,1,6,0,0,1,1,1,223.39
Negril,3,1,6,1,1,1,0,1,260.56
Portland,3,2,6,1,0,1,1,1,269.76
Montego Bay,3,2,3,0,1,0,1,1,251.96
Portland,1,2,2,0,0,1,0,1,177.87
Ocho Rios,3,2,6,1,1,0,1,1,268.71
Negril,1,1,1,0,1,1,0,0,212.5
Negril,4,2,4,1,1,0,1,1,249.9
Kingston,3,1,3,1,0,1,1,1,177.88
Portland,1,2,2,0,1,1,0,0,202.8
Montego Bay,3,3,6,0,1,0,0,0,218.5
Negril,4,3,4,0,0,1,0,1,232.9
Negril,3,1,3,1,1,0,1,1,251.37
Montego Bay,4,3,4,1,0,1,0,0,262.89
Montego Bay,4,1,4,0,1,0,0,1,291.06
Kingston,3,1,6,1,0,0,1,0,153.16
Kingston,2,2,2,1,0,0,0,0,158.37
Portland,4,2,4,1,0,1,0,0,226.99
Kingston,2,3,2,1,1,1,0,0,169.03
Ocho Rios,1,3,1,0,0,1,1,1,162.08
Portland,3,1,6,0,1,0,0,1,210.05
Portland,3,1,3,1,1,1,1,1,254.4
Ocho Rios,4,1,4,0,0,0,1,1,188.49
Portland,2,1,2,1,0,0,1,1,239.24
Montego Bay,4,2,8,0,1,1,1,0,251.78
Kingston,4,3,8,1,1,0,0,1,211.02
Portland,1,3,1,1,1,0,0,0,201.91
Portland,3,3,6,0,1,0,0,0,216.37
Portland,3,1,6,0,0,0,1,1,197.67
Portland,3,1,3,1,1,1,0,0,204.07
Ocho Rios,2,3,4,1,0,1,1,1,202.04
Kingston,4,2,8,1,0,0,1,0,190.24
Ocho Rios,1,2,1,1,1,1,1,1,190.72
Ocho Rios,4,1,8,1,1,1,0,1,240.9
Portland,1,1,1,1,1,0,1,1,181.99
Montego Bay,2,3,4,0,1,0,1,1,247.6
Kingston,3,3,3,1,1,1,1,0,219.24
Montego Bay,4,2,8,0,1,1,1,1,277.52
Kingston,3,1,3,0,0,0,1,0,128.07
Montego Bay,2,1,4,0,0,1,1,0,242.49
Kingston,4,1,4,1,0,0,0,0,152.42
Montego Bay,3,1,6,0,1,0,0,1,263.35
Portland,4,2,4,1,0,0,0,1,176.92
Kingston,4,3,4,1,1,1,0,0,180.51
Portland,1,1,1,1,0,0,0,1,202.38
Ocho Rios,4,3,8,0,0,1,0,1,250.02
Montego Bay,3,2,6,1,0,1,0,1,163.78
Kingston,4,2,8,0,1,1,0,1,210.91
Portland,2,1,4,1,1,0,1,0,191.9
Ocho Rios,3,3,3,0,0,1,1,0,237.47
Portland,3,1,3,1,0,1,1,0,227.88
Portland,1,3,2,1,0,1,1,0,199.56
Ocho Rios,1,2,2,0,0,0,0,0,146.01
Portland,3,1,3,1,1,1,0,1,197.33
Negril,3,3,3,0,0,0,1,0,235.61
Portland,2,2,2,0,1,0,0,1,226.38
Ocho Rios,2,1,4,1,1,0,0,0,167.55
Kingston,3,1,6,1,1,0,0,0,186.07
Portland,4,2,4,0,1,0,1,0,194.94
Ocho Rios,3,1,3,1,0,0,1,1,190.46
Negril,3,2,6,0,0,1,1,1,238.48
Ocho Rios,3,1,3,1,1,0,0,0,186.91
Ocho Rios,4,3,8,1,1,1,1,0,258.2
Ocho Rios,4,1,4,0,0,0,1,0,247.12
Kingston,1,3,2,0,1,0,0,1,187.99
Portland,4,2,8,1,1,0,0,0,262.56
Negril,4,2,8,0,0,1,1,0,272.9
Portland,2,3,4,1,0,1,1,1,243.45
Kingston,3,1,6,1,1,1,0,0,155.23
Portland,3,1,3,1,1,1,0,1,208.65
Portland,3,2,3,0,0,1,0,1,211.29
Kingston,4,2,4,0,1,0,0,1,200.5
Negril,3,1,3,0,1,0,0,1,170.32
Kingston,3,2,6,1,0,1,0,1,149.93
Ocho Rios,3,1,6,0,1,1,0,1,258.46
Negril,4,2,4,1,0,0,1,1,233.28
Negril,1,3,2,1,1,1,0,1,242.8
Ocho Rios,2,1,4,0,0,1,1,0,243.55
Montego Bay,3,3,6,0,1,0,1,1,280.97
Negril,2,2,2,1,0,1,0,0,203.22
Ocho Rios,1,1,2,0,0,0,0,1,172.36
Ocho Rios,1,1,1,1,1,0,1,1,162.09
Negril,3,2,3,1,1,1,0,1,247.94
Ocho Rios,4,1,4,1,1,1,1,0,252.76
Portland,3,3,6,0,1,0,1,0,203.9
Montego Bay,1,3,1,0,0,0,1,1,202.78
Kingston,2,1,2,0,1,1,0,0,143.23
Portland,1,1,2,1,0,0,1,0,171.4
Portland,4,2,4,1,0,1,1,0,225.59
Negril,1,3,1,0,0,0,1,0,156.97
Negril,4,2,4,1,1,0,0,0,247.01
Ocho Rios,2,2,4,0,1,1,1,1,229.72
Kingston,1,1,2,1,0,0,1,1,133.33
Ocho Rios,3,3,6,0,0,0,0,1,201.32
Portland,4,3,8,1,1,1,1,1,237.77
Ocho Rios,3,2,3,0,1,1,0,1,260.5
Negril,2,2,2,1,0,0,1,1,184.57
Kingston,4,2,8,0,1,1,1,0,217.09
Negril,2,3,2,1,1,1,0,0,197.08
Kingston,2,3,4,1,0,0,1,0,136.7
Negril,1,3,2,1,1,1,1,0,201.78
Montego Bay,2,3,4,0,0,0,1,1,264.47
Ocho Rios,4,2,4,1,1,1,0,0,164.91
Ocho Rios,3,2,6,0,0,1,1,1,231.51
Ocho Rios,4,3,4,0,1,0,0,0,207.36
Montego Bay,1,1,1,0,1,1,1,1,243.8
Portland,3,2,3,1,1,1,0,0,245.7
Negril,1,3,2,0,1,0,0,0,192.96
Montego Bay,1,3,2,0,0,0,0,0,219.57
Kingston,1,2,1,1,1,0,0,1,140.87
Kingston,2,2,2,1,1,1,0,0,138.35
Kingston,3,3,3,0,0,1,0,0,175.89
Portland,3,1,6,1,1,1,1,0,216.12
Kingston,3,1,3,1,0,0,0,1,145.88
Negril,4,2,4,1,0,0,0,1,196.73
Ocho Rios,4,3,8,1,1,0,0,0,289.31
Ocho Rios,3,3,6,0,0,0,0,1,194.95
Ocho Rios,3,1,3,1,1,0,1,0,200.28
Kingston,2,2,2,0,1,0,1,0,169.55
Ocho Rios,1,1,1,0,0,0,1,0,143.62
Ocho Rios,2,3,2,1,0,1,0,0,201.5
Ocho Rios,1,2,1,1,1,1,1,1,222.64
Portland,2,1,4,1,1,0,0,0,180.53
Portland,2,1,4,1,1,1,0,1,222.9
Kingston,1,3,1,0,1,1,1,0,150.23
Portland,4,2,8,0,1,0,1,0,253.1
Ocho Rios,1,2,2,1,0,1,1,0,201.13
Ocho Rios,1,1,1,0,0,0,0,1,190.89
Montego Bay,2,3,4,1,1,1,1,1,283.34
Montego Bay,2,3,2,0,0,1,0,0,220.29
Ocho Rios,3,1,6,0,1,0,1,1,244.59
Kingston,2,2,4,1,1,0,1,0,151.52
Ocho Rios,4,2,4,0,0,0,1,0,238.54
Kingston,2,1,4,1,1,1,1,1,206.77
Ocho Rios,2,1,4,0,1,1,1,1,247.01
Kingston,2,2,2,0,1,1,0,1,140.62
Negril,1,2,1,0,0,1,1,1,210.48
Montego Bay,4,1,8,1,0,1,1,0,251.83
Negril,2,3,4,1,0,0,1,1,200.35
Kingston,3,1,6,1,0,0,1,0,145.59
Negril,4,1,4,1,0,1,1,1,237.41
Ocho Rios,2,2,4,0,1,1,1,0,228.78
Montego Bay,4,1,8,1,0,1,0,0,259.03
Portland,3,3,6,0,0,1,0,0,226.96
Negril,4,1,8,0,1,0,0,1,225.38
Portland,1,3,2,0,0,1,1,0,212.46
Kingston,4,1,4,1,0,1,1,0,168.69
Ocho Rios,4,3,8,0,0,0,0,0,217.18
Montego Bay,3,1,6,0,1,1,1,0,287.97
Negril,3,2,6,0,0,1,0,0,231.66
Portland,4,3,4,1,1,0,1,0,218.09
Kingston,4,3,8,1,0,0,0,1,195.32
Negril,1,3,1,0,1,0,1,1,245.46
Portland,1,3,2,0,0,0,1,1,199.73
Kingston,4,1,8,0,0,1,0,1,206.59
Negril,1,2,2,1,0,0,0,1,208.42
Negril,3,3,6,1,1,1,1,1,234.46
Portland,1,1,2,1,0,1,0,0,146.83
Kingston,4,3,4,0,1,0,1,1,238.42
Portland,2,2,2,1,1,0,0,1,195.61
Portland,4,3,8,1,0,1,0,0,264.21
Kingston,4,3,4,0,0,1,0,1,203.98
Negril,4,1,4,0,0,1,1,0,225.4
Ocho Rios,4,1,4,1,1,0,1,1,236.74
Montego Bay,1,3,1,0,1,1,0,0,246.0
Montego Bay,1,3,1,1,1,1,0,1,203.36
Montego Bay,4,1,4,1,1,1,1,0,243.91
Negril,1,3,2,1,0,0,0,1,215.51
Negril,2,2,4,1,0,0,1,0,211.01
Kingston,1,2,2,0,0,1,0,1,143.62
Negril,2,3,4,0,0,1,0,1,231.65
Kingston,3,2,6,1,0,0,1,1,161.43
Portland,1,1,1,1,0,1,0,1,151.68
Kingston,3,2,3,1,1,1,0,1,182.56
Montego Bay,3,3,3,0,0,1,0,0,169.26
Negril,4,3,4,1,1,1,1,0,260.51
Kingston,2,2,4,1,1,0,0,0,137.65
Kingston,2,3,4,0,1,1,1,1,212.56
Portland,4,2,4,0,1,0,1,0,233.97
Kingston,2,3,2,0,1,0,1,0,154.22
Kingston,1,1,1,1,0,0,1,1,118.59
Ocho Rios,2,2,2,1,0,1,0,0,184.38
Negril,2,3,4,0,1,1,0,1,240.31
Portland,4,3,8,1,0,0,0,0,261.69
Negril,3,3,6,0,1,0,1,1,263.34
Negril,1,2,1,1,1,0,0,0,154.09
Kingston,2,1,4,0,1,0,0,1,155.77
Kingston,3,3,3,1,1,0,0,0,157.9
Portland,2,3,4,0,0,0,0,1,182.42
Montego Bay,3,3,3,0,0,1,0,1,215.35
Kingston,1,3,2,0,1,1,0,0,201.07
Ocho Rios,1,2,1,1,1,1,1,0,210.91
Portland,1,2,2,0,0,1,1,1,153.25
Kingston,1,3,1,1,0,0,0,0,131.39
Negril,2,2,2,0,1,1,1,0,188.16
Montego Bay,3,1,6,1,1,1,0,1,301.11
Portland,2,1,4,1,0,1,1,1,179.68
Ocho Rios,2,1,2,0,0,1,1,1,221.36
Kingston,3,2,6,1,0,0,1,0,153.05
Montego Bay,3,3,3,0,0,1,1,1,199.63
Kingston,2,1,4,1,0,0,0,0,126.05
Montego Bay,3,3,3,0,1,0,1,0,271.34
Negril,2,1,2,1,0,1,0,0,237.21
Ocho Rios,2,3,4,1,1,1,1,1,222.7
Negril,3,1,6,1,1,0,0,1,262.2
Montego Bay,3,3,3,1,1,0,0,1,203.94
Portland,3,3,3,0,0,0,0,0,171.06
Montego Bay,3,3,6,0,1,0,1,1,269.16
Negril,4,3,8,0,0,0,0,0,260.42
Kingston,4,1,4,0,0,1,0,1,189.56
Negril,1,1,2,0,1,0,1,1,213.91
Negril,1,2,2,0,0,1,1,1,191.67
Kingston,3,3,3,0,0,1,0,1,156.21
Portland,4,1,4,1,0,1,0,0,235.57
Portland,1,2,1,1,0,1,1,0,170.05
Negril,4,2,4,0,0,1,0,0,258.8
Negril,2,3,4,1,0,0,0,1,191.78
Negril,1,3,1,0,1,1,1,0,212.57
Montego Bay,4,2,8,1,1,0,0,0,293.05
Kingston,4,1,8,0,0,0,1,0,195.08
Portland,3,1,6,0,1,0,1,0,198.53
Ocho Rios,4,3,8,0,1,1,0,1,294.18
Montego Bay,1,3,1,0,0,1,0,1,265.49
Portland,2,1,4,0,1,1,1,1,213.01
Montego Bay,3,3,6,1,0,0,0,0,264.13
Portland,3,3,3,0,1,1,1,0,214.99
Kingston,1,1,2,0,0,1,0,1,133.44
Kingston,2,3,4,0,1,1,1,0,154.78
Ocho Rios,3,2,3,1,0,1,0,1,213.74
Montego Bay,4,3,4,1,0,0,0,1,241.27
Montego Bay,1,3,2,1,0,1,0,0,203.31
Negril,4,3,8,1,1,1,1,0,255.78
Kingston,2,1,2,0,0,0,0,1,121.7
Montego Bay,4,2,4,1,0,1,0,0,248.7
Kingston,1,2,2,0,1,0,0,1,165.8
Portland,2,1,4,0,1,1,0,1,195.7
Ocho Rios,4,3,8,0,1,0,1,1,284.42
Kingston,1,1,1,0,0,1,1,1,124.47
Kingston,4,3,4,0,1,0,1,0,189.93
Portland,2,3,4,0,0,0,0,1,235.13
Montego Bay,1,1,2,0,1,0,0,0,167.19
Ocho Rios,1,3,2,0,1,0,1,1,261.37
Ocho Rios,3,1,3,0,0,0,1,1,205.85
Montego Bay,2,2,4,0,0,1,0,0,185.66
Negril,2,3,4,0,0,1,0,0,238.91
Ocho Rios,4,1,8,1,1,1,0,0,229.76
Negril,1,2,2,0,1,1,0,0,132.94
Ocho Rios,1,3,1,1,0,0,1,1,207.56
Montego Bay,4,3,8,1,0,0,1,0,212.4
Kingston,1,1,1,1,0,0,1,1,157.92
Montego Bay,2,1,2,0,1,1,0,1,224.07
Kingston,2,2,2,0,0,0,0,1,151.84
Montego Bay,4,3,4,0,1,0,0,1,232.56
Portland,2,3,4,0,1,0,0,0,219.43
Portland,1,1,2,1,1,0,1,0,206.58
Montego Bay,4,2,4,0,1,1,1,1,216.78
Ocho Rios,4,2,4,1,1,1,1,0,272.32
Montego Bay,1,1,1,0,0,0,1,0,164.55
Portland,3,2,3,1,0,1,1,1,216.55
Kingston,4,2,8,0,1,1,1,1,220.55
Montego Bay,1,2,1,1,1,0,0,0,230.17
Portland,3,2,3,1,0,1,1,1,213.2
Negril,4,3,8,1,0,1,0,0,259.88
Kingston,3,3,6,1,0,1,0,1,162.48
Ocho Rios,2,1,2,0,1,1,0,0,229.72
Ocho Rios,2,1,4,1,0,0,0,1,163.61
Ocho Rios,4,2,4,1,0,0,0,1,258.75
Montego Bay,4,3,4,1,1,1,1,1,263.94
Montego Bay,1,2,2,0,0,0,0,0,187.61
Kingston,4,3,8,1,0,1,1,1,218.86
Portland,4,3,8,0,1,1,1,0,289.09
Kingston,2,1,4,0,1,0,0,1,153.98
Ocho Rios,2,3,4,1,0,0,0,0,195.65
Ocho Rios,3,1,3,1,0,0,0,0,198.3
Kingston,2,3,4,0,1,0,1,0,127.33
Portland,3,3,3,0,0,1,0,0,161.44
Montego Bay,1,3,1,0,1,1,0,1,275.7
Portland,2,3,4,0,1,1,1,1,242.64
Ocho Rios,1,2,2,0,0,1,0,0,200.6
Ocho Rios,4,1,8,0,1,0,1,0,291.03
Kingston,4,2,4,1,1,1,0,1,144.39
Montego Bay,1,3,2,1,1,0,1,0,229.41
Kingston,3,2,3,0,1,0,0,1,175.3
Kingston,2,1,2,1,0,0,1,1,109.86
Negril,1,2,2,0,1,0,0,0,237.89
Portland,2,3,2,0,1,0,0,1,236.38
Portland,2,1,2,1,1,1,1,0,172.19
Kingston,2,1,2,0,1,1,0,1,166.59
Kingston,4,3,4,1,0,0,0,0,143.35
Ocho Rios,3,2,6,1,0,1,1,1,226.09
Portland,4,1,8,1,0,0,1,0,225.86
Negril,1,1,2,0,0,0,0,0,189.24
Negril,2,3,4,1,1,0,1,0,238.0
Kingston,4,1,8,1,0,0,0,1,142.62
Negril,2,2,4,0,0,1,1,1,268.56
Kingston,2,3,4,1,1,0,0,1,168.88
Montego Bay,1,1,2,0,0,1,1,0,240.91
Ocho Rios,4,2,4,1,1,1,0,0,199.22
Portland,2,2,4,1,1,0,1,1,230.21
Portland,4,2,8,1,0,1,0,0,245.25
Negril,4,2,8,1,1,1,0,1,266.66
Portland,1,2,2,1,1,0,1,1,205.67
Kingston,1,3,2,0,1,1,0,1,173.15
Ocho Rios,1,3,1,0,0,0,1,0,169.46
Negril,2,1,2,0,0,0,0,0,163.48
Portland,1,1,1,0,1,1,1,1,175.77
Negril,1,3,1,1,0,1,1,1,231.86
Negril,1,1,1,1,0,0,0,1,171.29
Kingston,3,2,3,1,1,0,1,0,172.54
Portland,2,2,4,0,0,0,0,0,188.48
Ocho Rios,3,1,6,1,1,0,1,0,243.42
Negril,4,1,8,1,0,1,1,1,262.87
Montego Bay,2,1,4,0,1,1,1,0,220.63
Ocho Rios,1,1,2,1,1,1,0,1,214.54
Ocho Rios,2,2,2,1,1,1,0,0,203.35
Kingston,2,1,4,1,0,0,1,0,177.09
Negril,4,1,4,1,1,1,0,1,225.79
Kingston,3,2,6,0,1,1,1,1,213.67
Ocho Rios,2,1,2,0,1,0,1,1,196.02
Portland,1,2,2,0,0,0,1,1,164.42
Kingston,3,3,6,0,1,1,1,1,195.43
Kingston,4,1,8,0,1,0,0,1,191.64
Kingston,2,2,4,0,0,0,1,0,168.24
Montego Bay,1,2,1,1,0,0,1,1,148.51
Kingston,1,2,1,0,1,1,0,1,169.54
Kingston,1,3,1,0,1,1,0,1,203.08
Negril,2,3,4,1,0,1,1,1,258.25
Negril,2,3,2,0,1,1,1,1,188.18
Montego Bay,4,3,8,1,1,0,1,0,283.87
Montego Bay,2,1,2,0,1,1,0,1,243.21
Montego Bay,4,3,4,1,1,1,0,0,227.68
Montego Bay,2,1,4,0,1,1,0,0,234.39
Portland,3,1,3,1,0,0,0,0,175.06
Negril,3,2,3,0,1,1,1,0,242.72
Montego Bay,1,2,1,1,1,1,0,1,236.79
Ocho Rios,2,3,2,1,1,1,0,0,216.0
Ocho Rios,2,1,4,1,1,0,1,1,185.22
Kingston,4,1,8,0,1,0,1,0,173.63
Kingston,1,3,2,0,0,0,0,1,119.39
Ocho Rios,4,3,8,1,1,1,0,0,236.77
Negril,4,2,8,0,0,0,0,0,219.09
Montego Bay,1,2,2,0,0,0,0,1,158.17
Ocho Rios,3,2,6,1,1,0,1,1,272.46
Montego Bay,1,3,1,1,0,1,1,1,174.1
Montego Bay,3,2,3,1,1,0,1,1,213.94
Negril,3,3,6,0,1,1,0,1,295.41
Montego Bay,3,3,3,0,1,1,0,0,270.74
Portland,4,2,8,0,0,0,0,0,226.08
Kingston,4,2,8,1,1,0,1,0,190.68
Ocho Rios,3,1,6,1,0,1,0,1,217.14
Ocho Rios,3,2,3,1,0,0,1,1,159.45
Negril,2,1,2,0,1,0,1,1,205.81
Ocho Rios,2,3,2,1,0,0,1,0,205.49
Ocho Rios,1,3,2,1,1,0,0,0,189.63
Kingston,1,2,2,1,1,0,1,1,131.56
Negril,1,2,1,0,0,0,0,1,200.56
Ocho Rios,1,2,1,1,0,1,1,0,177.0
Ocho Rios,1,2,2,1,0,1,0,0,204.41
Ocho Rios,3,2,3,0,1,0,1,1,245.32
Portland,1,1,2,0,1,0,0,0,175.36
Negril,4,1,4,0,0,1,0,0,230.35
Negril,3,1,6,0,1,0,1,0,156.63
Ocho Rios,2,3,2,0,0,0,0,0,203.73
Negril,4,3,8,0,1,1,0,1,278.21
Montego Bay,1,1,1,0,1,0,1,1,174.21
Portland,2,1,4,0,0,0,0,1,196.75
Montego Bay,4,1,8,1,0,0,1,1,232.47
Kingston,1,2,2,0,0,1,1,0,135.03
Kingston,2,3,2,0,0,0,0,1,177.7
Negril,4,1,4,1,0,0,0,1,204.32
Ocho Rios,4,1,4,0,0,0,1,0,200.57
Portland,3,2,6,1,1,1,0,1,229.27
Montego Bay,2,3,2,0,0,1,1,1,272.95
Ocho Rios,3,2,6,1,0,0,0,0,226.55
Portland,1,2,2,0,0,0,1,0,210.17
Ocho Rios,3,1,6,1,1,0,1,1,231.59
Negril,3,3,6,1,0,1,0,1,232.18
Kingston,3,1,3,1,1,0,1,1,172.86
Kingston,2,2,4,1,0,1,1,1,210.22
Ocho Rios,1,3,2,0,0,0,1,0,192.82
Negril,3,3,3,1,1,1,1,0,218.39
Negril,4,3,8,1,1,0,1,1,286.08
Kingston,3,3,6,1,1,0,0,0,177.67
Portland,3,1,6,1,1,1,0,1,205.6
Portland,1,2,1,0,1,1,0,0,163.16
Ocho Rios,2,3,2,0,1,0,0,1,209.72
Montego Bay,4,2,4,0,1,1,0,1,262.7
Kingston,1,3,2,0,1,1,0,0,151.6
Negril,1,1,2,0,0,1,1,1,193.59
Negril,2,3,2,0,0,0,1,1,199.05
Montego Bay,4,1,8,0,0,0,0,0,270.52
Ocho Rios,4,2,4,0,1,1,1,1,286.1
Negril,1,3,1,1,0,1,0,1,198.26
Negril,2,2,2,1,0,0,0,0,209.88
Ocho Rios,1,2,2,0,0,1,1,0,184.07
Ocho Rios,4,3,4,0,0,0,1,0,207.97
Portland,3,3,6,1,1,1,1,1,229.67
Portland,1,1,2,0,0,1,0,1,213.46
Kingston,2,3,2,0,1,1,1,0,173.95
Ocho Rios,4,2,4,1,0,1,1,1,258.9
Kingston,3,1,6,1,1,0,1,1,224.26
Kingston,4,3,4,0,1,0,0,0,194.98
Ocho Rios,4,1,4,1,1,0,0,1,207.81
Montego Bay,1,3,2,0,0,1,1,0,196.87
Montego Bay,3,2,6,0,0,0,1,0,224.32
Montego Bay,3,2,3,1,1,0,1,0,238.27
Ocho Rios,1,2,2,0,0,0,0,0,204.26
Kingston,3,3,3,1,0,0,0,0,185.42
Negril,2,3,2,0,1,1,1,1,259.09
Portland,1,2,2,1,1,0,0,1,192.86
Montego Bay,2,2,2,0,0,1,1,0,228.2
Ocho Rios,2,2,2,1,1,1,0,1,229.21
Montego Bay,3,3,6,0,1,0,0,1,253.86
Kingston,2,2,2,1,1,1,1,0,173.42
Ocho Rios,2,2,2,0,1,1,0,0,176.12
Portland,4,3,8,0,0,1,1,1,278.71
Negril,4,2,8,0,1,0,0,1,299.49
Kingston,2,1,4,1,1,1,0,1,183.62
Ocho Rios,1,2,1,0,0,1,0,1,156.3
Kingston,3,2,3,0,0,0,0,0,152.29
Portland,3,1,6,0,0,0,0,1,234.15
Kingston,1,2,1,1,1,0,0,1,151.41
Ocho Rios,2,2,2,0,0,0,0,0,152.34
Negril,2,1,2,1,0,1,1,0,204.64
Portland,2,2,4,1,0,1,1,1,218.75
Ocho Rios,4,1,4,0,0,0,0,1,219.25
Kingston,1,2,1,0,0,1,0,0,142.02
Kingston,1,2,1,0,1,0,1,0,115.35
Montego Bay,4,3,4,0,1,0,1,0,279.7
Kingston,3,2,3,1,0,0,0,0,184.55
Ocho Rios,2,3,4,1,0,0,1,1,169.41
Montego Bay,3,3,3,1,0,0,1,0,236.39
Kingston,2,1,2,0,1,1,1,1,143.31
Kingston,1,1,2,1,0,1,1,1,149.69
Montego Bay,4,1,4,0,1,1,0,0,237.59
Kingston,4,3,4,1,0,0,1,1,165.47
Portland,4,1,8,1,1,0,1,1,228.67
Montego Bay,4,3,4,0,0,1,1,0,228.35
Negril,1,3,1,0,0,1,0,0,237.61
Portland,2,3,4,0,0,1,1,0,202.09
Negril,1,3,1,0,1,1,1,1,176.24
Montego Bay,4,3,4,0,1,1,1,1,267.27
Kingston,3,1,3,0,1,0,0,0,179.25
Ocho Rios,2,1,2,0,1,1,0,0,196.17
Negril,2,2,2,0,0,1,1,1,212.96
Kingston,4,3,8,0,0,1,1,1,207.9
Montego Bay,4,2,4,1,1,1,0,1,235.41
Kingston,2,1,4,1,0,1,1,1,141.13
Montego Bay,4,1,8,0,0,0,0,1,227.8
Portland,2,2,4,0,0,1,0,0,179.01
Negril,2,1,4,1,1,0,1,1,183.33
Montego Bay,4,3,4,0,0,1,0,1,240.05
Negril,1,3,2,0,1,1,1,0,209.29
Negril,4,2,8,1,0,0,0,1,270.83
Kingston,1,2,1,0,1,1,0,0,145.84
Negril,2,1,4,0,1,1,0,1,221.95
Kingston,4,1,8,1,0,0,1,1,195.62
Ocho Rios,4,2,8,1,0,0,1,1,215.02
Kingston,3,3,3,1,1,1,1,0,207.79
Kingston,3,3,6,1,0,0,0,1,203.86
Montego Bay,4,2,4,1,0,1,1,1,270.98
Ocho Rios,1,3,1,0,0,0,1,0,200.17
Negril,3,2,6,1,1,0,1,1,244.26
Negril,1,2,1,0,1,0,0,0,168.06
Kingston,1,3,2,1,0,1,1,1,155.39
Ocho Rios,4,1,4,1,1,0,1,1,275.54
Portland,2,2,4,1,1,0,0,1,191.62
Kingston,2,1,4,1,1,1,1,1,177.08
Negril,2,3,4,0,1,1,0,0,199.75
Ocho Rios,1,1,1,0,1,0,0,0,169.37
Montego Bay,1,3,2,1,0,0,1,0,189.29
Portland,3,2,3,1,1,0,0,0,204.38
Kingston,2,3,2,1,1,0,0,0,155.43
Ocho Rios,1,3,2,0,0,1,1,0,147.84
Negril,1,2,1,0,1,1,1,0,204.8
Portland,2,2,2,0,1,1,0,1,206.2
Montego Bay,3,2,3,0,1,1,0,1,209.33
Negril,4,3,8,1,0,0,1,1,280.64
Negril,1,3,2,1,1,0,1,0,211.79
Kingston,2,1,4,0,0,0,0,0,120.29
Negril,3,2,3,1,0,1,1,1,226.95
Ocho Rios,3,2,6,0,1,0,1,1,221.53
Negril,4,2,8,0,1,0,0,0,254.16
Montego Bay,1,3,2,1,0,0,1,1,168.67
Portland,3,3,3,0,1,1,0,0,227.97
Kingston,1,2,1,1,0,0,0,1,136.35
Portland,3,1,6,1,1,0,1,0,216.24
Montego Bay,1,3,1,0,0,0,0,0,236.66
Kingston,4,1,4,0,0,1,1,0,141.58
Portland,1,3,2,0,1,0,1,0,205.41
Ocho Rios,1,2,1,1,1,1,1,1,186.36
Montego Bay,1,1,2,0,0,1,1,1,221.12
Ocho Rios,2,3,4,0,1,1,0,1,239.92
Montego Bay,4,2,4,1,0,0,0,1,234.3
Portland,4,1,8,1,1,0,1,0,227.06
Montego Bay,3,3,6,1,1,0,0,0,246.04
Montego Bay,2,3,2,0,0,0,0,0,223.37
Montego Bay,2,1,4,1,0,0,0,1,203.58
Montego Bay,1,2,1,1,1,0,0,1,150.28
Montego Bay,1,2,1,0,0,1,0,1,166.65
Kingston,1,2,2,0,1,1,1,1,158.71
Montego Bay,2,1,2,1,0,0,1,0,200.93
Kingston,4,3,8,1,1,1,1,0,234.14
Ocho Rios,4,1,8,0,1,1,0,1,251.57
Montego Bay,1,2,1,1,0,0,1,0,130.82
Montego Bay,3,1,3,1,0,1,0,0,210.23
Portland,1,2,1,1,1,1,0,1,185.4
Montego Bay,3,3,3,1,1,0,1,1,281.94
Ocho Rios,4,2,8,1,0,0,1,0,253.01
Ocho Rios,2,2,4,0,1,0,1,0,206.03
Kingston,4,2,8,1,0,1,0,1,212.76
Kingston,4,2,4,0,1,0,0,0,193.39
Negril,1,1,1,0,1,0,1,1,205.14
Montego Bay,3,3,6,0,0,1,1,1,249.75
Montego Bay,3,1,3,0,1,0,1,1,225.72
Portland,1,3,1,0,1,1,0,0,186.55
Kingston,3,2,6,1,0,0,0,0,164.35
Ocho Rios,4,2,4,0,0,1,1,1,283.49
Negril,4,1,4,0,0,0,0,1,203.53
Montego Bay,1,1,1,0,1,1,1,1,151.93
Portland,3,1,6,1,0,0,0,0,178.05
Ocho Rios,2,2,2,1,1,1,0,1,210.94
Kingston,2,3,4,1,0,1,1,1,156.95
Portland,1,2,2,1,0,0,1,1,185.51
Portland,4,3,4,0,1,0,1,1,222.56
Ocho Rios,2,2,4,0,0,1,1,0,175.52
Montego Bay,4,1,4,0,1,1,1,0,239.18
Ocho Rios,1,2,1,0,1,1,0,1,197.0
Kingston,3,3,6,0,1,1,1,1,198.63
Ocho Rios,3,2,6,0,0,1,0,0,254.13
Negril,2,2,4,0,1,1,0,1,267.59
Negril,4,3,8,0,1,0,1,0,271.63
Negril,4,2,8,0,0,0,0,0,263.41
Kingston,3,1,3,0,1,0,1,1,124.17
